<?xml version="1.0" encoding="UTF-8"?>
<project-private xmlns="http://www.netbeans.org/ns/project-private/1">
    <editor-bookmarks xmlns="http://www.netbeans.org/ns/editor-bookmarks/2" lastBookmarkId="0"/>
    <open-files xmlns="http://www.netbeans.org/ns/projectui-open-files/2">
        <group>
            <file>file:/home/minna/NetBeansProjects/UserLogin/src/java/bean/users.java</file>
            <file>file:/home/minna/NetBeansProjects/UserLogin/web/userhome.jsp</file>
            <file>file:/home/minna/NetBeansProjects/UserLogin/web/index.jsp</file>
            <file>file:/home/minna/NetBeansProjects/UserLogin/src/java/controller/login.java</file>
            <file>file:/home/minna/NetBeansProjects/UserLogin/src/java/operations/comoperations.java</file>
            <file>file:/home/minna/NetBeansProjects/UserLogin/web/registeruser.jsp</file>
            <file>file:/home/minna/NetBeansProjects/UserLogin/src/java/usermapping.hbm.xml</file>
            <file>file:/home/minna/NetBeansProjects/UserLogin/src/java/controller/register.java</file>
        </group>
    </open-files>
</project-private>
